,Effectsize_ID,summary_statistic,effect_size,First_author,Year_published,Title,Paper_ID,Study_ID,Group_ID,Group_ID_notes,Species,Class,Rearing_type,Competition_order,Competition_order_notes,Perception_competition,Perception_competition_notes,Precendence,Precedence_notes,Fertilisation_mode,PC_variation_level,PC_variation_level_note,PC_variation_cause,PC_variation_notes,PC_variation_cause2,PC_variation_notes2,PC_variation_nature,Study_design,Study_design_notes,Fertilisation_methods,PC_type,PC_type_notes,Precop_correlation,Precop_correlation_notes,Postcop_correlation,Postcop_correlation_notes,Coin,Coin_notes,Inverse_precedence,Inverse_precedence_notes,N,N_notes,N_dependent,Corr_r,estimate,SE,n_groups,n_groups_notes,CI_lower,CI_upper,F,F_direction,F_n_goups,t,t_n_groups,p,mean_low,n_low,SD_low,SE_low,mean_med1,n_med1,SD_med1,mean_med2,n_med2,SD_med2,mean_high,n_high,SD_high,SE_high,Data_location,Notes,effect_size_group2,effect_size_est,effect_size_t,effect_size_F,effect_size_p,effect_size2,N2,yi,vi
1,1,effect_size_group2,-0.139392195,Calos,1998,Paternity of offspring in multiply-mated female crickets: The effect of nuptial food gifts and the advantage of mating first,1,1,1,NA,Gryllodes_sigillatus,Insecta,4,1,NA,4,Not clear how males were housed,1,based on Table 1,1,1,NA,1,Selected males with either small or large spermatophores,1,NA,1,4,males split into large and small spermatophore groups but ejaculates not directly measured from each male,1,6,NA,5,selected males ofsmale body size,1,NA,1,NA,1,NA,26,NA,independent,NA,NA,NA,NA,NA,NA,NA,NA,NA,NA,NA,NA,NA,0.66,13,0.216333077,0.06,NA,NA,NA,NA,NA,NA,0.61,13,0.216333077,0.06,Table 1,compared when large and small gift males were the first to mate,-0.139392195,NA,NA,NA,NA,-0.139392195,26,-0.140305674,0.043478261
2,2,effect_size_group2,0.111762878,Calos,1998,Paternity of offspring in multiply-mated female crickets: The effect of nuptial food gifts and the advantage of mating first,1,1,2,NA,Gryllodes_sigillatus,Insecta,4,2,NA,4,Not clear how males were housed,1,based on Table 1,1,1,NA,1,Selected males with either small or large spermatophores,1,NA,1,4,males split into large and small spermatophore groups but ejaculates not directly measured from each male,1,6,NA,5,selected males ofsmale body size,1,NA,1,NA,1,NA,26,NA,independent,NA,NA,NA,NA,NA,NA,NA,NA,NA,NA,NA,NA,NA,0.34,13,0.216333077,0.06,NA,NA,NA,NA,NA,NA,0.38,13,0.216333077,0.06,Table 1,compared with large and smal gift males were the second to mate,0.111762878,NA,NA,NA,NA,0.111762878,26,0.112231738,0.043478261
3,4,effect_size_F,0.748214702,Yeates,2009,Atlantic salmon eggs favour sperm in competition that have similar major histocompatibility alleles,2,2,3,NA,Salmo_salar,Actinopterygii,2,3,NA,3,NA,5,NA,2,1,NA,1,NA,1,NA,1,1,NA,2,4,NA,1,NA,1,NA,1,NA,1,NA,18,nine pairs of males,dependent,NA,NA,NA,NA,NA,NA,NA,8.86,positive,continuous,NA,NA,NA,NA,NA,NA,NA,NA,NA,NA,NA,NA,NA,NA,NA,NA,NA,in text,NA,NA,NA,NA,0.748214702,NA,0.748214702,9,0.968886821,0.166666667
4,5,Corr_r,0.39,Rosengrave,2016,Cryptic female choice enhances fertilization success and embryo survival in Chinook Salmon,3,3,4,NA,Oncorhynchus_tshawytscha,Actinopterygii,2,3,NA,3,NA,5,NA,2,1,NA,1,NA,1,NA,1,2,NA,2,4,difference in VAP between males,1,NA,1,NA,1,NA,1,NA,90,"90 trials with 28 individuals, but each trial was a different combination of individuals",dependent,0.39,NA,NA,NA,NA,NA,NA,NA,NA,NA,NA,NA,NA,NA,NA,NA,NA,NA,NA,NA,NA,NA,NA,NA,NA,NA,NA,Table 1; Fig 1 (metadigitise),NA,NA,NA,NA,NA,NA,0.39,45,0.411800034,0.023809524
5,6,Corr_r,0.4,Evans,2013,Delineating the roles of males and females in sperm competition,4,4,5,NA,Oncorhynchus_tshawytscha,Actinopterygii,2,3,NA,3,NA,5,NA,2,1,NA,1,NA,1,NA,1,2,NA,2,4,NA,5,body size in model,1,NA,1,NA,1,NA,20,Taken from Fig. 3. High velocity - low velocity,independent,0.4,NA,NA,NA,NA,NA,NA,NA,NA,NA,NA,NA,NA,NA,NA,NA,NA,NA,NA,NA,NA,NA,NA,NA,NA,NA,NA,Fig. 3,NA,NA,NA,NA,NA,NA,0.4,20,0.42364893,0.058823529
6,7,Corr_r,0.208,Kahrl,2015,Diet affects ejaculate traits in a lizard with condition-dependent fertilization success,5,5,6,NA,Anolis_sagrei,Reptilia,2,1,NA,2,NA,3,based on Fig.4,1,1,NA,6,A mixtured of dietary manipulations and natural variation,1,NA,3,2,NA,1,1,NA,1,NA,1,NA,1,NA,1,NA,20,NA,independent,0.208,NA,NA,NA,NA,NA,NA,NA,NA,NA,NA,NA,NA,NA,NA,NA,NA,NA,NA,NA,NA,NA,NA,NA,NA,NA,NA,Authors sent correlations,NA,NA,NA,NA,NA,NA,0.208,20,0.211079993,0.058823529
7,8,Corr_r,-0.168,Kahrl,2015,Diet affects ejaculate traits in a lizard with condition-dependent fertilization success,5,5,6,NA,Anolis_sagrei,Reptilia,2,1,NA,2,NA,3,based on Fig.4,1,1,NA,6,A mixtured of dietary manipulations and natural variation,1,NA,3,2,NA,1,3,head,1,NA,1,NA,1,NA,1,NA,20,NA,independent,-0.168,NA,NA,NA,NA,NA,NA,NA,NA,NA,NA,NA,NA,NA,NA,NA,NA,NA,NA,NA,NA,NA,NA,NA,NA,NA,NA,Authors sent correlations,NA,NA,NA,NA,NA,NA,-0.168,20,-0.169607861,0.058823529
8,9,Corr_r,-0.124,Kahrl,2015,Diet affects ejaculate traits in a lizard with condition-dependent fertilization success,5,5,6,NA,Anolis_sagrei,Reptilia,2,1,NA,2,NA,3,based on Fig.4,1,1,NA,6,A mixtured of dietary manipulations and natural variation,1,NA,3,2,NA,1,3,midpiece,1,NA,1,NA,1,NA,1,NA,20,NA,independent,-0.124,NA,NA,NA,NA,NA,NA,NA,NA,NA,NA,NA,NA,NA,NA,NA,NA,NA,NA,NA,NA,NA,NA,NA,NA,NA,NA,Authors sent correlations,NA,NA,NA,NA,NA,NA,-0.124,20,-0.12464147,0.058823529
9,10,Corr_r,0.218,Kahrl,2015,Diet affects ejaculate traits in a lizard with condition-dependent fertilization success,5,5,6,NA,Anolis_sagrei,Reptilia,2,1,NA,2,NA,3,based on Fig.4,1,1,NA,6,A mixtured of dietary manipulations and natural variation,1,NA,3,2,NA,1,3,tail,1,NA,1,NA,1,NA,1,NA,20,NA,independent,0.218,NA,NA,NA,NA,NA,NA,NA,NA,NA,NA,NA,NA,NA,NA,NA,NA,NA,NA,NA,NA,NA,NA,NA,NA,NA,NA,Authors sent correlations,NA,NA,NA,NA,NA,NA,0.218,20,0.221555354,0.058823529
10,11,Corr_r,-0.277,Kahrl,2015,Diet affects ejaculate traits in a lizard with condition-dependent fertilization success,5,5,6,NA,Anolis_sagrei,Reptilia,2,2,NA,2,NA,3,based on Fig.4,1,1,NA,6,A mixtured of dietary manipulations and natural variation,1,NA,3,2,NA,1,3,midpiece,1,NA,1,NA,1,NA,1,NA,20,NA,independent,-0.277,NA,NA,NA,NA,NA,NA,NA,NA,NA,NA,NA,NA,NA,NA,NA,NA,NA,NA,NA,NA,NA,NA,NA,NA,NA,NA,Authors sent correlations,NA,NA,NA,NA,NA,NA,-0.277,20,-0.284429817,0.058823529
11,12,Corr_r,-0.147,Kahrl,2015,Diet affects ejaculate traits in a lizard with condition-dependent fertilization success,5,5,6,NA,Anolis_sagrei,Reptilia,2,2,NA,2,NA,3,based on Fig.4,1,1,NA,6,A mixtured of dietary manipulations and natural variation,1,NA,3,2,NA,1,3,tail,1,NA,1,NA,1,NA,1,NA,20,NA,independent,-0.147,NA,NA,NA,NA,NA,NA,NA,NA,NA,NA,NA,NA,NA,NA,NA,NA,NA,NA,NA,NA,NA,NA,NA,NA,NA,NA,Authors sent correlations,NA,NA,NA,NA,NA,NA,-0.147,20,-0.148072785,0.058823529
12,13,Corr_r,-0.027,Kahrl,2015,Diet affects ejaculate traits in a lizard with condition-dependent fertilization success,5,5,6,NA,Anolis_sagrei,Reptilia,2,2,NA,2,NA,3,based on Fig.4,1,1,NA,6,A mixtured of dietary manipulations and natural variation,1,NA,3,2,NA,1,1,NA,1,NA,1,NA,1,NA,1,NA,20,NA,independent,-0.027,NA,NA,NA,NA,NA,NA,NA,NA,NA,NA,NA,NA,NA,NA,NA,NA,NA,NA,NA,NA,NA,NA,NA,NA,NA,NA,Authors sent correlations,NA,NA,NA,NA,NA,NA,-0.027,20,-0.027006564,0.058823529
13,14,Corr_r,-0.141,Kahrl,2015,Diet affects ejaculate traits in a lizard with condition-dependent fertilization success,5,5,6,NA,Anolis_sagrei,Reptilia,2,2,NA,2,NA,3,based on Fig.4,1,1,NA,6,A mixtured of dietary manipulations and natural variation,1,NA,3,2,NA,1,3,head,1,NA,1,NA,1,NA,1,NA,20,NA,independent,-0.141,NA,NA,NA,NA,NA,NA,NA,NA,NA,NA,NA,NA,NA,NA,NA,NA,NA,NA,NA,NA,NA,NA,NA,NA,NA,NA,Table 2; univar model,NA,NA,NA,NA,NA,NA,-0.141,20,-0.141945714,0.058823529
14,15,effect_size_est,-0.099005864,Gasparini,2010,Effect of male age on sperm traits and sperm competition success in the guppy (Poecilia reticulata),6,6,7,NA,Poecilia_reticulata,Actinopterygii,6,3,NA,3,NA,5,NA,1,1,age,3,NA,3,NA,1,2,NA,2,3,tail,5,Body size and colour in model,1,NA,1,NA,1,NA,54,through corresondence with author,independent,NA,-0.04,0.07,continuous,NA,NA,NA,NA,NA,NA,NA,NA,NA,NA,NA,NA,NA,NA,NA,NA,NA,NA,NA,NA,NA,NA,NA,Table 4,NA,NA,-0.099005864,NA,NA,NA,-0.099005864,54,-0.099331271,0.019607843
15,16,effect_size_est,-0.153331392,Gasparini,2010,Effect of male age on sperm traits and sperm competition success in the guppy (Poecilia reticulata),6,6,7,NA,Poecilia_reticulata,Actinopterygii,6,3,NA,3,NA,5,NA,1,1,age,3,NA,3,NA,1,2,NA,2,4,NA,5,Body size and colour in model,1,NA,1,NA,1,NA,54,through corresondence with author,independent,NA,-0.008,0.009,continuous,NA,NA,NA,NA,NA,NA,NA,NA,NA,NA,NA,NA,NA,NA,NA,NA,NA,NA,NA,NA,NA,NA,NA,Table 4,NA,NA,-0.153331392,NA,NA,NA,-0.153331392,54,-0.154550266,0.019607843
16,17,effect_size_est,-0.172155937,Gasparini,2010,Effect of male age on sperm traits and sperm competition success in the guppy (Poecilia reticulata),6,6,7,NA,Poecilia_reticulata,Actinopterygii,6,3,NA,3,NA,5,NA,1,1,age,3,NA,3,NA,1,2,NA,2,1,NA,5,Body size and colour in model,1,NA,1,NA,1,NA,54,through corresondence with author,independent,NA,-3.00E-05,3.00E-05,continuous,NA,NA,NA,NA,NA,NA,NA,NA,NA,NA,NA,NA,NA,NA,NA,NA,NA,NA,NA,NA,NA,NA,NA,Table 4,NA,NA,-0.172155937,NA,NA,NA,-0.172155937,54,-0.173887603,0.019607843
17,18,Corr_r,0.79,Liljedal,2008,Factors predicting male fertilization success in an external fertilizer,7,7,8,NA,Salvelinus_alpinus,Actinopterygii,2,3,NA,4,NA,5,NA,2,1,NA,1,NA,1,NA,1,2,NA,2,4,relative velocity,1,NA,1,NA,1,NA,1,NA,25,NA,independent,0.79,NA,NA,NA,NA,NA,NA,NA,NA,NA,NA,NA,NA,NA,NA,NA,NA,NA,NA,NA,NA,NA,NA,NA,NA,NA,NA,Fig. 1,NA,NA,NA,NA,NA,NA,0.79,25,1.071431684,0.045454545
18,19,Corr_r,0.57,Firman,2014,"Female fitness, sperm traits and patterns of paternity in an Australian polyandrous mouse",8,8,9,NA,Pseudomys_hermannsburgensis,Mammalia,4,2,NA,4,NA,3,NA,1,1,NA,1,NA,5,NA,1,2,NA,1,4,NA,1,Correlation matrix,2,Correlation matrix,1,NA,1,NA,10,NA,dependent,0.57,NA,NA,NA,NA,NA,NA,NA,NA,NA,NA,NA,NA,NA,NA,NA,NA,NA,NA,NA,NA,NA,NA,NA,NA,NA,NA,Fig. 2,Only took second male to mate traits on P2,NA,NA,NA,NA,NA,0.57,5,0.647522845,0.5
19,20,Corr_r,-0.65,Firman,2014,"Female fitness, sperm traits and patterns of paternity in an Australian polyandrous mouse",8,8,9,NA,Pseudomys_hermannsburgensis,Mammalia,4,2,NA,4,NA,3,NA,1,1,NA,1,NA,5,NA,1,2,NA,1,1,NA,1,Correlation matrix,2,Correlation matrix,1,NA,1,NA,9,NA,dependent,-0.65,NA,NA,NA,NA,NA,NA,NA,NA,NA,NA,NA,NA,NA,NA,NA,NA,NA,NA,NA,NA,NA,NA,NA,NA,NA,NA,Fig. 2,Only took second male to mate traits on P2,NA,NA,NA,NA,NA,-0.65,4.5,-0.775298706,0.666666667
20,21,effect_size_est,-0.12725477,Patlar,2020,Genotype-by-environment interactions for seminal fluid expression and sperm competitive ability,9,9,10,recipient one,Macrostomum_lignano,Macrostomida,4,1,NA,3,some were exposed others weren't,2,"Angeloni et al. 2003; Pongratz and Michiels 2003; Garefalaki et al. 2010; P. Sandner et al., unpubl. ms.)",1,1,NA,6,genotypes,5,NA,1,2,NA,1,7,suckless 2,1,NA,1,NA,1,NA,1,NA,26,Based on fig. 3,independent,NA,-0.07,0.14,continuous,NA,NA,NA,NA,NA,NA,NA,NA,NA,NA,NA,NA,NA,NA,NA,NA,NA,NA,NA,NA,NA,NA,NA,Table S4,NA,NA,-0.12725477,NA,NA,NA,-0.12725477,26,-0.127948434,0.043478261
21,22,effect_size_est,-0.15902862,Patlar,2020,Genotype-by-environment interactions for seminal fluid expression and sperm competitive ability,9,9,10,recipient two,Macrostomum_lignano,Macrostomida,4,1,NA,3,some were exposed others weren't,2,"Angeloni et al. 2003; Pongratz and Michiels 2003; Garefalaki et al. 2010; P. Sandner et al., unpubl. ms.)",1,1,NA,6,genotypes,5,NA,1,2,NA,1,7,suckless 2,1,NA,1,NA,1,NA,1,NA,24,Based on fig. 3,independent,NA,-0.06,0.1,continuous,NA,NA,NA,NA,NA,NA,NA,NA,NA,NA,NA,NA,NA,NA,NA,NA,NA,NA,NA,NA,NA,NA,NA,Table S4,NA,NA,-0.15902862,NA,NA,NA,-0.15902862,24,-0.160389954,0.047619048
22,23,Corr_r,0.23,Patlar,2020,Genotype-by-environment interactions for seminal fluid expression and sperm competitive ability,9,9,10,recipient one,Macrostomum_lignano,Macrostomida,4,1,NA,3,some were exposed others weren't,2,"Angeloni et al. 2003; Pongratz and Michiels 2003; Garefalaki et al. 2010; P. Sandner et al., unpubl. ms.)",1,1,NA,6,genotypes,5,NA,1,2,NA,1,7,suckless 1,1,NA,1,NA,1,NA,1,NA,26,Based on fig. 3,independent,0.23,NA,NA,NA,NA,NA,NA,NA,NA,NA,NA,NA,NA,NA,NA,NA,NA,NA,NA,NA,NA,NA,NA,NA,NA,NA,NA,Fig. 3,NA,NA,NA,NA,NA,NA,0.23,26,0.234189467,0.043478261
23,24,Corr_r,0.26,Patlar,2020,Genotype-by-environment interactions for seminal fluid expression and sperm competitive ability,9,9,10,recipient two,Macrostomum_lignano,Macrostomida,4,1,NA,3,some were exposed others weren't,2,"Angeloni et al. 2003; Pongratz and Michiels 2003; Garefalaki et al. 2010; P. Sandner et al., unpubl. ms.)",1,1,NA,6,genotypes,5,NA,1,2,NA,1,7,suckless 1,1,NA,1,NA,1,NA,1,NA,24,Based on fig. 3,independent,0.26,NA,NA,NA,NA,NA,NA,NA,NA,NA,NA,NA,NA,NA,NA,NA,NA,NA,NA,NA,NA,NA,NA,NA,NA,NA,NA,Fig. 3,NA,NA,NA,NA,NA,NA,0.26,24,0.266108407,0.047619048
24,25,Corr_r,0.5,Lupold,2012,How multivariate ejaculate traits determine competitive fertilization success in drosophila melanogaster,11,11,12,NA,Drosophila_melanogaster,Insecta,4,1,p2 reported so inverted to get p1,2,single sex,2,NA,1,1,NA,6,isolines,5,NA,1,1,offspring prior to dissecting female reproductive tract,1,1,NA,1,NA,1,NA,1,NA,1,P2 reported for P1 sperm number (already inversed r),32,n given by author,independent,0.5,NA,NA,NA,NA,NA,NA,NA,NA,NA,NA,NA,NA,NA,NA,NA,NA,NA,NA,NA,NA,NA,NA,NA,NA,NA,NA,in text,NA,NA,NA,NA,NA,NA,0.5,32,0.549306144,0.034482759
25,26,Corr_r,0.17,Lupold,2012,How multivariate ejaculate traits determine competitive fertilization success in drosophila melanogaster,11,11,13,different group of individuals 72 hours later,Drosophila_melanogaster,Insecta,4,2,NA,2,single sex,2,NA,1,1,NA,6,isolines,5,NA,1,1,offspring prior to dissecting female reproductive tract,1,1,72 hours later,1,NA,1,NA,1,NA,1,NA,32,n given by author,independent,0.17,NA,NA,NA,NA,NA,NA,NA,NA,NA,NA,NA,NA,NA,NA,NA,NA,NA,NA,NA,NA,NA,NA,NA,NA,NA,NA,in text,NA,NA,NA,NA,NA,NA,0.17,32,0.171666664,0.034482759
26,27,Corr_r,0.216,Lupold,2012,How multivariate ejaculate traits determine competitive fertilization success in drosophila melanogaster,11,11,13,NA,Drosophila_melanogaster,Insecta,4,2,NA,2,single sex,2,NA,1,1,NA,6,NA,5,NA,1,1,NA,1,3,total,1,NA,1,NA,1,NA,1,NA,32,n given by author,independent,0.216,NA,NA,NA,NA,NA,NA,NA,NA,NA,NA,NA,NA,NA,NA,NA,NA,NA,NA,NA,NA,NA,NA,NA,NA,NA,NA,Authors sent correlations,NA,NA,NA,NA,NA,NA,0.216,32,0.219456521,0.034482759
27,28,Corr_r,0.127,Lupold,2012,How multivariate ejaculate traits determine competitive fertilization success in drosophila melanogaster,11,11,13,NA,Drosophila_melanogaster,Insecta,4,2,NA,2,single sex,2,NA,1,1,NA,6,NA,5,NA,1,1,NA,1,3,total,1,NA,1,NA,1,NA,1,NA,32,n given by author,independent,0.127,NA,NA,NA,NA,NA,NA,NA,NA,NA,NA,NA,NA,NA,NA,NA,NA,NA,NA,NA,NA,NA,NA,NA,NA,NA,NA,Authors sent correlations,NA,NA,NA,NA,NA,NA,0.127,32,0.127689479,0.034482759
28,29,effect_size_group2,0.606806124,Bennison,2015,Long sperm fertilize more eggs in a bird,12,12,14,NA,Taeniopygia_guttata,Aves,4,4,mating order in model,4,NA,3,"in text, found that mating order didn't matter",1,1,NA,5,selected for long and short sperm,5,NA,1,2,NA,1,3,total,1,NA,1,provide a table of averages of other traits,1,NA,1,NA,36,18 pairs of long and short against each other,dependent,NA,NA,NA,NA,NA,NA,NA,NA,NA,NA,NA,NA,NA,36,18,33.9411255,8,NA,NA,NA,NA,NA,NA,64,18,8.485281374,2,in text,also measured longevity,0.606806124,NA,NA,NA,NA,0.606806124,18,0.70385045,0.066666667
29,30,effect_size_est,0.186100303,Demary,2006,Male courtship attractiveness and paternity success in Photinus greeni fireflies,13,13,15,NA,Photinus_greeni,Insecta,2,4,mating order in model,4,housed in isolation but were collected as adults from the wild,3,mating order non-sig in model,1,1,NA,1,NA,1,NA,1,4,NA,1,2,testes weight,5,NA,5,testes and AG size both in model,1,NA,1,NA,20,NA,dependent,NA,0.86,1.35,continuous,NA,NA,NA,NA,NA,NA,NA,NA,NA,NA,NA,NA,NA,NA,NA,NA,NA,NA,NA,NA,NA,NA,NA,Table 1,NA,NA,0.186100303,NA,NA,NA,0.186100303,10,0.188294507,0.142857143
30,31,effect_size_est,0.240007404,Demary,2006,Male courtship attractiveness and paternity success in Photinus greeni fireflies,13,13,15,NA,Photinus_greeni,Insecta,2,4,mating order in model,4,housed in isolation but were collected as adults from the wild,3,mating order non-sig in model,1,1,NA,1,NA,1,NA,1,4,NA,1,8,AG weight,5,NA,5,testes and AG size both in model,1,NA,1,NA,20,NA,dependent,NA,1.49,1.8,continuous,NA,NA,NA,NA,NA,NA,NA,NA,NA,NA,NA,NA,NA,NA,NA,NA,NA,NA,NA,NA,NA,NA,NA,Table 1,NA,NA,0.240007404,NA,NA,NA,0.240007404,10,0.244781969,0.142857143
31,32,Corr_r,-0.191,Yamane,2015,Male seminal fluid substances affect sperm competition success and female reproductive behavior in a seed beetle,14,14,16,females 1 day after 1st mating,Callosobruchus_maculatus,Insecta,4,2,NA,2,NA,2,based on Fig. 2,1,2,inject females with sfps,4,NA,4,NA,2,4,males naturally mated but the females were injected with sfps,3,7,NA,1,NA,1,NA,1,NA,1,NA,118,calculated from raw data,independent,-0.191,NA,NA,NA,NA,NA,NA,NA,NA,NA,NA,NA,NA,NA,NA,NA,NA,NA,NA,NA,NA,NA,NA,NA,NA,NA,NA,raw data,control = lowest as wasn't injected. Frac 3 = highest,NA,NA,NA,NA,NA,-0.191,118,-0.193374826,0.008695652
32,33,effect_size_group2,0.561264779,Simmons,2000,Microsatellite analysis of sperm-use patterns in the bushcricket Requena verticalis,16,16,18,NA,Requena_verticalis,Insecta,2,1,P2 but already inversed,2,housed individually,4,NA,1,1,NA,2,NA,2,NA,2,4,large and small spermatophore treatments,1,6,NA,1,NA,1,NA,1,NA,1,already inversed,23,NA,independent,NA,NA,NA,NA,NA,NA,NA,NA,NA,NA,NA,NA,NA,0.66,10,0.46,NA,NA,NA,NA,NA,NA,NA,0.98,13,0.08,NA,Taken from Table 2 (inversed to get P1),Not sure if this should be including as ampulla attachment duration and mating interval was the manupulation of ejaculate transfer,0.561264779,NA,NA,NA,NA,0.561264779,23,0.634677718,0.05
33,35,effect_size_est,0.407290955,Egeland,2015,"On the relative effect of spawning asynchrony, sperm quantity, and sperm quality on paternity under sperm competition in an external fertilizer",18,18,20,NA,Salvelinus_alpinus,Actinopterygii,2,3,NA,3,NA,5,NA,2,1,NA,1,NA,1,NA,1,1,NA,2,1,NA,1,NA,1,NA,1,NA,1,NA,16,taken as 8 male pairs mated to two females,dependent,NA,9.00E-04,7.00E-04,continuous,NA,NA,NA,NA,NA,NA,NA,NA,NA,NA,NA,NA,NA,NA,NA,NA,NA,NA,NA,NA,NA,NA,NA,Table 1,NA,NA,0.407290955,NA,NA,NA,0.407290955,8,0.432359099,0.2
34,36,effect_size_est,0.579518825,Egeland,2015,"On the relative effect of spawning asynchrony, sperm quantity, and sperm quality on paternity under sperm competition in an external fertilizer",18,18,20,NA,Salvelinus_alpinus,Actinopterygii,2,3,NA,3,NA,5,NA,2,1,NA,1,NA,1,NA,1,1,NA,2,1,NA,1,NA,1,NA,1,NA,1,NA,16,taken as 8 male pairs mated to two females,dependent,NA,1.6,0.82,continuous,NA,NA,NA,NA,NA,NA,NA,NA,NA,NA,NA,NA,NA,NA,NA,NA,NA,NA,NA,NA,NA,NA,NA,Table 1,NA,NA,0.579518825,NA,NA,NA,0.579518825,8,0.661737915,0.2
35,37,effect_size_est,0.057690904,Smith,2012,Opposing effects of sperm viability and velocity on the outcome of sperm competition,19,19,21,NA,Xiphophorus_nigrensis,Actinopterygii,6,3,NA,3,single sex,5,NA,1,1,NA,1,NA,5,NA,1,1,NA,2,1,NA,1,NA,1,NA,1,NA,1,NA,16,NA,independent,NA,0.05,0.29,continuous,NA,NA,NA,NA,NA,NA,NA,NA,NA,NA,NA,NA,NA,NA,NA,NA,NA,NA,NA,NA,NA,NA,NA,NA,NA,NA,0.057690904,NA,NA,NA,0.057690904,16,0.057755035,0.076923077
36,38,Corr_r,-0.39,Smith,2012,Opposing effects of sperm viability and velocity on the outcome of sperm competition,19,19,21,NA,Xiphophorus_nigrensis,Actinopterygii,6,3,NA,2,single sex,5,NA,1,1,NA,1,NA,5,NA,1,1,NA,2,4,NA,1,NA,1,NA,1,NA,1,NA,11,NA,independent,-0.39,NA,NA,NA,NA,NA,NA,NA,NA,NA,NA,NA,NA,NA,NA,NA,NA,NA,NA,NA,NA,NA,NA,NA,NA,NA,NA,Fig.2c,NA,NA,NA,NA,NA,NA,-0.39,11,-0.411800034,0.125
37,39,Corr_r,0.26,Smith,2012,Opposing effects of sperm viability and velocity on the outcome of sperm competition,19,19,21,NA,Xiphophorus_nigrensis,Actinopterygii,6,3,NA,2,single sex,5,NA,1,1,NA,1,NA,5,NA,1,1,NA,2,4,NA,1,NA,1,NA,1,NA,1,NA,5,NA,independent,0.26,NA,NA,NA,NA,NA,NA,NA,NA,NA,NA,NA,NA,NA,NA,NA,NA,NA,NA,NA,NA,NA,NA,NA,NA,NA,NA,Fig.2b,NA,NA,NA,NA,NA,NA,0.26,5,0.266108407,0.5
38,40,Corr_r,0.62,Smith,2012,Opposing effects of sperm viability and velocity on the outcome of sperm competition,19,19,21,NA,Xiphophorus_nigrensis,Actinopterygii,6,3,NA,2,single sex,5,NA,1,1,NA,1,NA,5,NA,1,1,NA,2,5,NA,1,NA,1,NA,1,NA,1,NA,16,NA,independent,0.62,NA,NA,NA,NA,NA,NA,NA,NA,NA,NA,NA,NA,NA,NA,NA,NA,NA,NA,NA,NA,NA,NA,NA,NA,NA,NA,Fig. 1,NA,NA,NA,NA,NA,NA,0.62,16,0.725005088,0.076923077
39,41,Corr_r,0.54,Gwynne,1995,Paternity and female remating in Requena verticalis (Orthoptera: Tettigoniidae),20,20,22,NA,Requena_verticalis,Insecta,2,2,NA,2,isolation,4,NA,1,1,NA,1,NA,1,NA,1,4,NA,1,6,NA,1,NA,1,NA,1,NA,1,NA,10,NA,independent,0.54,NA,NA,NA,NA,NA,NA,NA,NA,NA,NA,NA,NA,NA,NA,NA,NA,NA,NA,NA,NA,NA,NA,NA,NA,NA,NA,in text,NA,NA,NA,NA,NA,NA,0.54,10,0.604155603,0.142857143
40,42,Corr_r,0.79,Gwynne,1995,Paternity and female remating in Requena verticalis (Orthoptera: Tettigoniidae),20,20,23,NA,Requena_verticalis,Insecta,2,2,NA,2,isolation,4,NA,1,1,NA,1,NA,1,NA,1,4,NA,1,6,NA,4,NA,1,NA,1,NA,1,NA,10,NA,independent,0.79,NA,NA,NA,NA,NA,NA,NA,NA,NA,NA,NA,NA,NA,NA,NA,NA,NA,NA,NA,NA,NA,NA,NA,NA,NA,NA,in text,NA,NA,NA,NA,NA,NA,0.79,10,1.071431684,0.142857143
41,43,effect_size_group2,0.486601293,Denk,2005,Paternity in mallards: Effects of sperm quality and female sperm selection for inbreeding avoidance,21,21,24,NA,Anas_platyrhynchos,Aves,6,3,NA,4,NA,5,NA,1,1,NA,1,NA,1,semi natural outdoor rearing,1,3,NA,2,5,NA,1,NA,1,NA,1,NA,1,NA,6,"""6 different pairs of males"" but multiple clutches",independent,NA,NA,NA,NA,NA,NA,NA,NA,NA,NA,NA,NA,NA,34.57,3,28.82,4.87,NA,NA,NA,NA,NA,NA,65.66,3,30.2,5.1,Fig. 3B,also measured sperm length but various models are reported and it's not clear how they differ,0.486601293,NA,NA,NA,NA,0.486601293,6,0.531597516,0.333333333
42,44,effect_size_group2,0.350297375,Denk,2005,Paternity in mallards: Effects of sperm quality and female sperm selection for inbreeding avoidance,21,21,24,NA,Anas_platyrhynchos,Aves,6,3,NA,4,NA,5,NA,1,1,NA,1,NA,1,semi natural outdoor rearing,1,3,NA,2,4,NA,1,NA,1,NA,1,NA,1,NA,6,"""6 different pairs of males"" but multiple clutches",independent,NA,NA,NA,NA,NA,NA,NA,NA,NA,NA,NA,NA,NA,38.69,3,30.78,5.2,NA,NA,NA,NA,NA,NA,61.09,3,30.78,5.2,Fig. 3A,also measured sperm length but various models are reported and it's not clear how they differ,0.350297375,NA,NA,NA,NA,0.350297375,6,0.365782683,0.333333333
43,45,Corr_r,0.64,Sekii,2013,Phenotypic engineering of spermproductionrate confirms evolutionarypredictions of sperm competition theory,22,22,25,NA,Macrostomum_lignano,unknown,4,2,NA,2,isolation,2,slight second male precendence (referenced in this study),1,2,NA,4,NA,4,NA,2,4,NA,1,1,sperm production rate,1,NA,1,NA,1,NA,1,NA,60,NA,independent,0.64,NA,NA,NA,NA,NA,NA,NA,NA,NA,NA,NA,NA,NA,NA,NA,NA,NA,NA,NA,NA,NA,NA,NA,NA,NA,NA,Fig.4A,also measured testes size but not reported,NA,NA,NA,NA,NA,0.64,60,0.758173745,0.01754386
44,46,effect_size_group2,0.177711258,Cook,1997,Predicting variation in sperm precedence,23,23,26,NA,Plodia_interpunctella,Insecta,4,2,NA,2,NA,3,large variation in P2/sperm mixing (based on results),1,2,NA,4,NA,4,NA,2,4,NA,1,1,NA,1,NA,1,NA,1,NA,1,NA,37,NA,independent,NA,NA,NA,NA,NA,NA,NA,NA,NA,NA,NA,NA,NA,0.8,18,0.32,NA,NA,NA,NA,NA,NA,NA,0.88,19,0.22,NA,"Table 1, small second (early) vs large second (early)",NA,0.177711258,NA,NA,NA,NA,0.177711258,37,0.179618311,0.029411765
45,47,effect_size_group2,0.507339621,Cook,1997,Predicting variation in sperm precedence,23,23,27,NA,Plodia_interpunctella,Insecta,4,2,NA,2,NA,3,large variation in P2/sperm mixing (based on results),1,2,NA,4,NA,4,NA,2,4,NA,1,1,NA,1,NA,1,NA,1,NA,1,NA,39,NA,independent,NA,NA,NA,NA,NA,NA,NA,NA,NA,NA,NA,NA,NA,0.46,16,0.38,NA,NA,NA,NA,NA,NA,NA,0.75,23,0.27,NA,"Table 1, small second (late) vs large second (late)",NA,0.507339621,NA,NA,NA,NA,0.507339621,39,0.559140742,0.027777778
46,48,Corr_r,0.94,Bretman,2009,Promiscuous females avoid inbreeding by controlling sperm storage,24,24,28,NA,Gryllus_bimaculatus,Insecta,4,3,NA,2,NA,3,NA,1,1,NA,1,NA,5,NA,1,2,NA,1,1,NA,1,NA,1,NA,1,NA,1,NA,17,NA,independent,0.94,NA,NA,NA,NA,NA,NA,NA,NA,NA,NA,NA,NA,NA,NA,NA,NA,NA,NA,NA,NA,NA,NA,NA,NA,NA,NA,in text,NA,NA,NA,NA,NA,NA,0.94,17,1.738049345,0.071428571
47,49,effect_size_est,0.471101642,Drodge-Young,2016,Resolving mechanisms of short-term competitive fertilization success in the red flour beetle,25,25,29,NA,Tribolium_castaneum,Insecta,4,2,NA,2,NA,2,cited in paper,1,1,NA,1,NA,5,NA,1,1,NA,1,1,NA,5,NA,1,NA,1,NA,1,NA,95,NA,independent,NA,2.66,0.68,continuous,NA,NA,NA,NA,NA,NA,NA,NA,NA,NA,NA,NA,NA,NA,NA,NA,NA,NA,NA,NA,NA,NA,NA,Table 1,NA,NA,0.471101642,NA,NA,NA,0.471101642,95,0.511485271,0.010869565
48,50,effect_size_group2,0.470133596,Geßner,2017,Sexual selection for genetic compatibility: the role of the major histocompatibility complex on cryptic female choice in Chinook salmon (Oncorhynchus tshawytscha),26,26,30,NA,Oncorhynchus_tshawytscha,Actinopterygii,1,3,NA,4,NA,5,NA,2,1,NA,1,NA,1,NA,1,1,NA,2,4,NA,1,NA,1,NA,1,NA,1,NA,84,"Some males were used more than once, but velocity was scored relative to the competitor",independent,NA,NA,NA,NA,NA,NA,NA,NA,NA,NA,NA,NA,NA,40.22,42,24.62,3.78,NA,NA,NA,NA,NA,NA,60.33,42,24.62,3.78,Fig. 1,NA,0.470133596,NA,NA,NA,NA,0.470133596,84,0.510241825,0.012345679
49,51,Corr_r,-0.38,Garcia-Gonzalez,2007,Shorter sperm confer higher competitive fertilization success,27,27,31,NA,Onthophagus_taurus,Insecta,4,2,large and small in alternating order but only p2 reported,2,NA,3,NA,1,1,NA,1,NA,1,NA,1,2,NA,1,3,total,1,NA,1,NA,1,NA,1,NA,33,NA,independent,-0.38,NA,NA,NA,NA,NA,NA,NA,NA,NA,NA,NA,NA,NA,NA,NA,NA,NA,NA,NA,NA,NA,NA,NA,NA,NA,NA,Fig. 1,NA,NA,NA,NA,NA,NA,-0.38,33,-0.40005965,0.033333333
50,53,Corr_r,0.82,Beausoleil,2012,"Spawning coloration, female choice and sperm competition in the redside dace, Clinostomus elongatus",28,28,32,NA,Clinostomus_elongatus,Actinopterygii,2,3,NA,5,NA,5,NA,2,1,NA,1,NA,1,NA,1,1,NA,2,4,NA,1,NA,5,NA,1,NA,1,NA,9,NA,independent,0.82,NA,NA,NA,NA,NA,NA,NA,NA,NA,NA,NA,NA,NA,NA,NA,NA,NA,NA,NA,NA,NA,NA,NA,NA,NA,NA,Fig. 5,NA,NA,NA,NA,NA,NA,0.82,9,1.156817465,0.166666667
51,54,effect_size_group2,0.068776241,Morrow,2001,Sperm competition experiments between lines of crickets producing different sperm lengths,31,31,35,NA,Gryllus_bimaculatus,Insecta,4,2,NA,2,NA,3,approx 50% based on Fig. 1,1,1,NA,5,NA,5,NA,2,4,NA,1,3,total,1,NA,1,NA,1,NA,1,NA,97,NA,independent,NA,NA,NA,NA,NA,NA,NA,NA,NA,NA,NA,NA,NA,0.48,47,0.4,NA,NA,NA,NA,NA,NA,NA,0.52,50,0.32,NA,Fig. 1,NA,0.068776241,NA,NA,NA,NA,0.068776241,97,0.068884991,0.010638298
52,55,Corr_r,-0.2,Stoltz,2006,"Sperm competition in a fish with external fertilization: The contribution of sperm number, speed and length",32,32,36,some individuals may be the same as 37 and 38,Lepomis_macrochirus,Actinopterygii,2,3,NA,3,NA,5,NA,2,4,ejaculates manupulated but males also vary in their mating role (satellite etc),4,NA,4,NA,1,1,NA,2,3,tail,1,NA,5,controlling for sperm number,1,NA,1,NA,14,not clear if dependent or independent,dependent,-0.2,NA,NA,NA,NA,NA,NA,NA,NA,NA,NA,NA,NA,NA,NA,NA,NA,NA,NA,NA,NA,NA,NA,NA,NA,NA,NA,NA,NA,NA,NA,NA,NA,NA,-0.2,7,-0.202732554,0.25
53,56,Corr_r,-0.11,Stoltz,2006,"Sperm competition in a fish with external fertilization: The contribution of sperm number, speed and length",32,32,36,some individuals may be the same as 37 and 38,Lepomis_macrochirus,Actinopterygii,2,3,NA,3,NA,5,NA,2,4,NA,4,NA,4,NA,1,1,NA,2,4,NA,1,NA,5,controlling for sperm number,1,NA,1,NA,11,not clear if dependent or independent,dependent,-0.11,NA,NA,NA,NA,NA,NA,NA,NA,NA,NA,NA,NA,NA,NA,NA,NA,NA,NA,NA,NA,NA,NA,NA,NA,NA,NA,NA,NA,NA,NA,NA,NA,NA,-0.11,5.5,-0.110446916,0.4
54,57,Corr_r,0.55,Stoltz,2006,"Sperm competition in a fish with external fertilization: The contribution of sperm number, speed and length",32,32,37,NA,Lepomis_macrochirus,Actinopterygii,2,3,NA,3,NA,5,NA,2,4,NA,4,NA,4,NA,2,1,NA,2,1,NA,1,NA,1,NA,1,NA,1,NA,35,NA,independent,0.55,NA,NA,NA,NA,NA,NA,NA,NA,NA,NA,NA,NA,NA,NA,NA,NA,NA,NA,NA,NA,NA,NA,NA,NA,NA,NA,Fig. 3A,NA,NA,NA,NA,NA,NA,0.55,35,0.618381314,0.03125
55,58,Corr_r,0.51,Stoltz,2006,"Sperm competition in a fish with external fertilization: The contribution of sperm number, speed and length",32,32,38,NA,Lepomis_macrochirus,Actinopterygii,2,3,NA,3,NA,5,NA,2,4,NA,4,NA,4,NA,2,1,NA,2,1,NA,1,NA,1,NA,1,NA,1,NA,45,NA,independent,0.51,NA,NA,NA,NA,NA,NA,NA,NA,NA,NA,NA,NA,NA,NA,NA,NA,NA,NA,NA,NA,NA,NA,NA,NA,NA,NA,Fig. 3B,NA,NA,NA,NA,NA,NA,0.51,45,0.562729769,0.023809524
56,59,Corr_r,-0.031,Dziminski,2009,Sperm competitiveness in frogs: Slow and steady wins the race,33,33,39,NA,Crinia_georgiana,Amphibia,2,3,NA,3,NA,5,NA,2,4,NA,4,NA,4,NA,2,1,NA,2,5,NA,4,NA,3,NA,1,NA,1,NA,40,NA,independent,-0.031,NA,NA,NA,NA,NA,NA,NA,NA,NA,NA,NA,NA,NA,NA,NA,NA,NA,NA,NA,NA,NA,NA,NA,NA,NA,NA,Raw data,NA,NA,NA,NA,NA,NA,-0.031,40,-0.031009936,0.027027027
57,60,Corr_r,0.035,Dziminski,2009,Sperm competitiveness in frogs: Slow and steady wins the race,33,33,39,NA,Crinia_georgiana,Amphibia,2,3,NA,3,NA,5,NA,2,4,NA,4,NA,4,NA,2,1,NA,2,5,NA,4,NA,3,NA,1,NA,1,NA,40,NA,independent,0.035,NA,NA,NA,NA,NA,NA,NA,NA,NA,NA,NA,NA,NA,NA,NA,NA,NA,NA,NA,NA,NA,NA,NA,NA,NA,NA,Raw data,NA,NA,NA,NA,NA,NA,0.035,40,0.035014302,0.027027027
58,61,Corr_r,0.157,Dziminski,2009,Sperm competitiveness in frogs: Slow and steady wins the race,33,33,39,NA,Crinia_georgiana,Amphibia,2,3,NA,3,NA,5,NA,2,4,NA,4,NA,4,NA,2,1,NA,2,3,head,4,NA,5,NA,1,NA,1,NA,40,NA,independent,0.157,NA,NA,NA,NA,NA,NA,NA,NA,NA,NA,NA,NA,NA,NA,NA,NA,NA,NA,NA,NA,NA,NA,NA,NA,NA,NA,Raw data,NA,NA,NA,NA,NA,NA,0.157,40,0.158309385,0.027027027
59,62,Corr_r,-0.051,Dziminski,2009,Sperm competitiveness in frogs: Slow and steady wins the race,33,33,39,NA,Crinia_georgiana,Amphibia,2,3,NA,3,NA,5,NA,2,4,NA,4,NA,4,NA,2,1,NA,2,3,tail,4,NA,5,NA,1,NA,1,NA,40,NA,independent,-0.051,NA,NA,NA,NA,NA,NA,NA,NA,NA,NA,NA,NA,NA,NA,NA,NA,NA,NA,NA,NA,NA,NA,NA,NA,NA,NA,Raw data,NA,NA,NA,NA,NA,NA,-0.051,40,-0.051044286,0.027027027
60,63,Corr_r,-0.315,Dziminski,2009,Sperm competitiveness in frogs: Slow and steady wins the race,33,33,39,NA,Crinia_georgiana,Amphibia,2,3,NA,3,NA,5,NA,2,4,NA,4,NA,4,NA,2,1,NA,2,4,NA,4,NA,4,NA,1,NA,1,NA,40,NA,independent,-0.315,NA,NA,NA,NA,NA,NA,NA,NA,NA,NA,NA,NA,NA,NA,NA,NA,NA,NA,NA,NA,NA,NA,NA,NA,NA,NA,Raw data,NA,NA,NA,NA,NA,NA,-0.315,40,-0.326086553,0.027027027
61,64,effect_size_group2,0.025425159,Laugen,2022,Sperm competition in yellow dung flies: No consistent effect of sperm size,34,34,40,mated to females with short SD,Scathophaga_stercoraria,Insecta,4,2,NA,4,NA,2,based on P2 paternity reported,1,1,NA,5,NA,5,NA,2,2,NA,1,3,total,5,body size in model,1,NA,1,NA,1,NA,32,64 / 2,independent,NA,NA,NA,NA,NA,NA,NA,NA,NA,NA,NA,NA,NA,0.75,16,0.23,NA,NA,NA,NA,NA,NA,NA,0.76,16,0.25,NA,Fig. 2B,NA,0.025425159,NA,NA,NA,NA,0.025425159,32,0.02543064,0.034482759
62,65,effect_size_group2,-0.536948986,Laugen,2022,Sperm competition in yellow dung flies: No consistent effect of sperm size,34,34,41,mated to females with long SD,Scathophaga_stercoraria,Insecta,4,2,NA,4,NA,2,based on P2 paternity reported,1,1,NA,5,NA,5,NA,2,2,NA,1,3,total,5,body size in model,1,NA,1,NA,1,NA,32,64 / 2,independent,NA,NA,NA,NA,NA,NA,NA,NA,NA,NA,NA,NA,NA,0.89,16,0.16,NA,NA,NA,NA,NA,NA,NA,0.68,16,0.26,NA,Fig. 2B,NA,-0.536948986,NA,NA,NA,NA,-0.536948986,32,-0.599858662,0.034482759
63,66,effect_size_est,0.118443738,Laugen,2022,Sperm competition in yellow dung flies: No consistent effect of sperm size,34,34,42,temperature manupulation,Scathophaga_stercoraria,Insecta,4,2,NA,4,NA,2,based on P2 paternity reported,1,1,NA,2,temperature,2,NA,2,2,NA,1,3,total,5,body size in model,1,NA,1,NA,1,NA,81,NA,independent,NA,0.27,0.32,2,assumed balanced n,NA,NA,NA,NA,NA,NA,NA,NA,NA,NA,NA,NA,NA,NA,NA,NA,NA,NA,NA,NA,NA,NA,in text,error assumed to be SE but no mention in paper,NA,0.118443738,NA,NA,NA,0.118443738,81,0.119002327,0.012820513
64,67,Corr_r,0.77,Neff,2002,Sperm investment and alternative mating tactics in bluegill sunfish (Lepomis macrochirus),35,35,43,NA,Lepomis_macrochirus,Actinopterygii,1,3,NA,3,NA,5,NA,2,1,NA,1,NA,1,NA,1,4,testes size and sperm density,2,1,NA,1,NA,2,gonad weight,1,NA,1,NA,12,NA,independent,0.77,NA,NA,NA,NA,NA,NA,NA,NA,NA,NA,NA,NA,NA,NA,NA,NA,NA,NA,NA,NA,NA,NA,NA,NA,NA,NA,in text,NA,NA,NA,NA,NA,NA,0.77,12,1.020327758,0.111111111
65,68,Corr_r,0.58,Birkhead,1999,Sperm mobility determines the outcome of sperm competition in the domestic fowl,36,36,44,NA,Gallus_gallus,Aves,6,3,NA,3,NA,5,NA,1,1,NA,1,NA,6,NA,1,5,NA,2,5,NA,1,NA,1,NA,1,NA,1,NA,13,NA,independent,0.58,NA,NA,NA,NA,NA,NA,NA,NA,NA,NA,NA,NA,NA,NA,NA,NA,NA,NA,NA,NA,NA,NA,NA,NA,NA,NA,NA,NA,NA,NA,NA,NA,NA,0.58,13,0.662462707,0.1
66,69,effect_size_est,-0.043758477,Boschetto,2010,Sperm number and velocity affect sperm competition success in the guppy (Poecilia reticulata),37,37,45,NA,Poecilia_reticulata,Actinopterygii,4,3,NA,3,NA,5,NA,1,1,NA,4,NA,4,NA,2,1,NA,2,3,head,5,NA,5,NA,1,NA,1,NA,17,NA,independent,NA,-0.755,5.58,continuous,NA,-12.4,11.4,NA,NA,NA,NA,NA,NA,NA,NA,NA,NA,NA,NA,NA,NA,NA,NA,NA,NA,NA,NA,Table 2 full model,NA,NA,-0.043758477,NA,NA,NA,-0.043758477,17,-0.043786439,0.071428571
67,70,effect_size_est,-0.433942917,Boschetto,2010,Sperm number and velocity affect sperm competition success in the guppy (Poecilia reticulata),37,37,45,NA,Poecilia_reticulata,Actinopterygii,4,3,NA,3,NA,5,NA,1,1,NA,4,NA,4,NA,2,1,NA,2,3,midpiece,5,NA,5,NA,1,NA,1,NA,17,NA,independent,NA,-0.506,0.354,continuous,NA,-1.26,0.25,NA,NA,NA,NA,NA,NA,NA,NA,NA,NA,NA,NA,NA,NA,NA,NA,NA,NA,NA,NA,Table 2 full model,NA,NA,-0.433942917,NA,NA,NA,-0.433942917,17,-0.464744144,0.071428571
68,71,effect_size_est,-0.575059965,Boschetto,2010,Sperm number and velocity affect sperm competition success in the guppy (Poecilia reticulata),37,37,45,NA,Poecilia_reticulata,Actinopterygii,4,3,NA,3,NA,5,NA,1,1,NA,4,NA,4,NA,2,1,NA,2,3,total,5,NA,5,NA,1,NA,1,NA,17,NA,independent,NA,-0.029,0.0145,continuous,NA,-0.34,0.28,NA,NA,NA,NA,NA,NA,NA,NA,NA,NA,NA,NA,NA,NA,NA,NA,NA,NA,NA,NA,Table 2 full model,NA,NA,-0.575059965,NA,NA,NA,-0.575059965,17,-0.65505028,0.071428571
69,72,Corr_r,0.66,Boschetto,2010,Sperm number and velocity affect sperm competition success in the guppy (Poecilia reticulata),37,37,45,NA,Poecilia_reticulata,Actinopterygii,4,3,NA,3,NA,5,NA,1,1,NA,4,NA,4,NA,2,1,NA,2,4,NA,5,NA,5,NA,1,NA,1,NA,17,NA,independent,0.66,NA,NA,NA,NA,NA,NA,NA,NA,NA,NA,NA,NA,NA,NA,NA,NA,NA,NA,NA,NA,NA,NA,NA,NA,NA,NA,Fig. 2B,NA,NA,NA,NA,NA,NA,0.66,17,0.792813632,0.071428571
70,73,Corr_r,0.71,Boschetto,2010,Sperm number and velocity affect sperm competition success in the guppy (Poecilia reticulata),37,37,45,NA,Poecilia_reticulata,Actinopterygii,4,3,NA,3,NA,5,NA,1,1,NA,4,NA,4,NA,2,1,NA,2,1,NA,5,NA,5,NA,1,NA,1,NA,17,NA,independent,0.71,NA,NA,NA,NA,NA,NA,NA,NA,NA,NA,NA,NA,NA,NA,NA,NA,NA,NA,NA,NA,NA,NA,NA,NA,NA,NA,Fig. 1A,NA,NA,NA,NA,NA,NA,0.71,17,0.887183863,0.071428571
71,74,Corr_r,-0.349,Mehlis,2015,Sperm quality but not relatedness predicts sperm competition success in threespine sticklebacks (Gasterosteus aculeatus),38,38,46,NA,Gasterosteus_aculeatus,Actinopterygii,4,3,NA,3,NA,5,NA,2,1,NA,1,NA,5,NA,1,1,NA,2,3,tail,5,body size in model,1,NA,1,NA,1,NA,39,NA,independent,-0.349,NA,NA,NA,NA,NA,NA,NA,NA,NA,NA,NA,NA,NA,NA,NA,NA,NA,NA,NA,NA,NA,NA,NA,NA,NA,NA,in text,NA,NA,NA,NA,NA,NA,-0.349,39,-0.364304607,0.027777778
72,75,Corr_r,0.45,Vladic,2001,Sperm quality in the alternative reproductive tactics of Atlantic salmon: The importance of the loaded raffle mechanism,39,39,47,Parr males,Salmo_salar,Actinopterygii,2,3,NA,3,NA,5,NA,2,1,NA,1,NA,1,NA,1,1,NA,2,4,"PCA of multiple traits, mostly to do with motility",NA,NA,1,NA,1,NA,1,NA,12,NA,independent,0.45,NA,NA,NA,NA,NA,NA,NA,NA,NA,NA,NA,NA,NA,NA,NA,NA,NA,NA,NA,NA,NA,NA,NA,NA,NA,NA,Fig. 2,They use PCA of a bunch of traits. Not sure how to code trait,NA,NA,NA,NA,NA,0.45,12,0.484700279,0.111111111
73,76,Corr_r,0.65,Vladic,2001,Sperm quality in the alternative reproductive tactics of Atlantic salmon: The importance of the loaded raffle mechanism,39,39,48,Andronomous males,Salmo_salar,Actinopterygii,2,3,NA,3,NA,5,NA,2,1,NA,1,NA,1,NA,1,1,NA,2,4,"PCA of multiple traits, mostly to do with motility",NA,NA,1,NA,1,NA,1,NA,12,NA,independent,0.65,NA,NA,NA,NA,NA,NA,NA,NA,NA,NA,NA,NA,NA,NA,NA,NA,NA,NA,NA,NA,NA,NA,NA,NA,NA,NA,Fig. 2,They use PCA of a bunch of traits. Not sure how to code trait,NA,NA,NA,NA,NA,0.65,12,0.775298706,0.111111111
74,77,Corr_r,0.47,Gasparini,2010,Sperm swimming velocity predicts competitive fertilization success in the green swordtail Xiphophorus helleri,40,40,49,NA,Xiphophorus_hellerii,Actinopterygii,4,3,NA,3,NA,5,NA,1,1,NA,1,NA,5,NA,1,1,NA,2,4,NA,3,Table 3,4,very weak corelation; Table 3,1,NA,1,NA,16,NA,independent,0.47,NA,NA,NA,NA,NA,NA,NA,NA,NA,NA,NA,NA,NA,NA,NA,NA,NA,NA,NA,NA,NA,NA,NA,NA,NA,NA,Fig. 1,NA,NA,NA,NA,NA,NA,0.47,16,0.510070337,0.076923077
75,78,effect_size_est,-0.418920461,Sutter,2016,The copulatory plug delays ejaculation by rival males and affects sperm competition outcome in house mice,41,41,50,NA,Mus_musculus_domesticus,Mammalia,4,1,NA,4,NA,3,based on fig. 3,1,2,NA,2,NA,2,NA,2,1,NA,1,7,copulatory plug,1,NA,1,NA,2,plug removal = higher fertilisation,1,NA,42,42 trials but 24 pairs (pairs were mated twice),dependent,NA,-0.96,0.428,2,assumed balanced n,-1.83,-0.1,NA,NA,NA,NA,NA,NA,NA,NA,NA,NA,NA,NA,NA,NA,NA,NA,NA,NA,NA,NA,Table 4,NA,NA,-0.418920461,NA,NA,NA,0.418920461,21,0.446381987,0.055555556
76,79,effect_size_t,0.630949827,Lewis,2013,The interplay between different stages of reproduction in males of the moth Plodia interpunctella,42,42,51,p1,Plodia_interpunctella,Insecta,4,1,NA,2,NA,2,intext,1,1,NA,1,NA,5,NA,1,2,NA,1,1,NA,5,NA,5,controlling for non-fertile sperm,1,NA,1,NA,23,NA,independent,NA,NA,NA,NA,NA,NA,NA,NA,NA,NA,2.67,continuous,NA,NA,NA,NA,NA,NA,NA,NA,NA,NA,NA,NA,NA,NA,NA,In text,direction of test stat reversed based on text description,NA,NA,0.630949827,NA,NA,0.630949827,23,0.742992617,0.05
77,80,effect_size_t,-0.26928931,Lewis,2013,The interplay between different stages of reproduction in males of the moth Plodia interpunctella,42,42,52,p2,Plodia_interpunctella,Insecta,4,2,NA,2,NA,2,intext,1,1,NA,1,NA,5,NA,1,2,NA,1,1,NA,5,NA,5,controlling for non-fertile sperm,1,NA,1,NA,18,NA,independent,NA,NA,NA,NA,NA,NA,NA,NA,NA,NA,-0.88,continuous,NA,NA,NA,NA,NA,NA,NA,NA,NA,NA,NA,NA,NA,NA,NA,In text,direction of test stat reversed based on text description,NA,NA,-0.26928931,NA,NA,-0.26928931,18,-0.276097408,0.066666667
78,81,effect_size_F,0.738107475,Flowers,2016,Use of heterospermic inseminations and paternity testing to evaluate the relative contributions of common sperm traits and seminal plasma proteins in boar fertility,https://unsw-my.sharepoint.com/personal/z5393783_ad_unsw_edu_au/_layouts/15/onedrive.aspx?id=%2Fpersonal%2Fz5393783%5Fad%5Funsw%5Fedu%5Fau%2FDocuments%2FUniversity,43,53,NA,Sus_domestica,Mammalia,3,3,NA,3,NA,5,NA,1,1,NA,1,NA,6,NA,1,3,ejculate split 12 times,2,5,NA,1,NA,1,NA,1,NA,1,NA,12,12 males but the ejaculate was split many times to comete against all other males,dependent,NA,NA,NA,NA,NA,NA,NA,5.31,positive,continuous,NA,NA,NA,NA,NA,NA,NA,NA,NA,NA,NA,NA,NA,NA,NA,NA,NA,Table 5,NA,NA,NA,NA,0.738107475,NA,0.738107475,6,0.946308967,0.333333333
79,82,effect_size_F,0.099751656,Simmons,2003,Variation in paternity in the field cricket Teleogryllus oceanicus: No detectable influence of sperm numbers or sperm length,44,44,54,NA,Teleogryllus_oceanicus,Insecta,4,2,NA,2,NA,3,Based on figures,1,1,NA,1,NA,4,NA,1,2,NA,1,3,total,1,NA,5,model includes sperm number,1,NA,1,NA,50,based on df in Table 1,independent,NA,NA,NA,NA,NA,NA,NA,0.306,positive,continuous,NA,NA,NA,NA,NA,NA,NA,NA,NA,NA,NA,NA,NA,NA,NA,NA,NA,Table 1,NA,NA,NA,NA,0.099751656,NA,0.099751656,50,0.100084501,0.021276596
80,83,effect_size_F,0.283529281,Simmons,2003,Variation in paternity in the field cricket Teleogryllus oceanicus: No detectable influence of sperm numbers or sperm length,44,44,54,NA,Teleogryllus_oceanicus,Insecta,4,2,NA,2,NA,3,Based on figures,1,1,NA,4,spermatophore attachment time = sperm number,4,NA,2,1,NA,1,1,NA,1,NA,5,model includes sperm length,1,NA,1,NA,50,based on df in Table 1,independent,NA,NA,NA,NA,NA,NA,NA,2.589,positive,continuous,NA,NA,NA,NA,NA,NA,NA,NA,NA,NA,NA,NA,NA,NA,NA,NA,NA,Table 1,NA,NA,NA,NA,0.283529281,NA,0.283529281,50,0.291515717,0.021276596
81,84,Corr_r,0.07,Yamane,2015,Male seminal fluid substances affect sperm competition success and female reproductive behavior in a seed beetle,14,14,55,females 2 days after 1st mating,Callosobruchus_maculatus,Insecta,4,2,NA,2,NA,2,based on Fig. 2,1,2,inject females with sfps,4,NA,4,NA,2,4,males naturally mated but the females were injected with sfps,3,7,NA,1,NA,1,NA,1,NA,1,NA,143,calculated from raw data,independent,0.07,NA,NA,NA,NA,NA,NA,NA,NA,NA,NA,NA,NA,NA,NA,NA,NA,NA,NA,NA,NA,NA,NA,NA,NA,NA,NA,raw data,control = lowest as wasn't injected. Frac 3 = highest,NA,NA,NA,NA,NA,0.07,143,0.070114671,0.007142857
82,85,Corr_r,0.822,Ratkin,1999,Sperm competition and fertilization success of Atlantic halibut (Hippoglossus hippoglossus L.),45,45,56,experiment 1,Gadus_morhua,Actinopterygii,1,3,NA,3,NA,5,NA,2,1,NA,1,NA,1,NA,1,1,NA,2,1,NA,1,NA,1,NA,1,NA,1,NA,10,NA,independent,0.822,NA,NA,NA,NA,NA,NA,NA,NA,NA,NA,NA,NA,NA,NA,NA,NA,NA,NA,NA,NA,NA,NA,NA,NA,NA,NA,raw data taken from Table 2,NA,NA,NA,NA,NA,NA,0.822,10,1.162953264,0.142857143
83,86,Corr_r,0.255,Ratkin,1999,Sperm competition and fertilization success of Atlantic halibut (Hippoglossus hippoglossus L.),45,45,56,experiment 1,Gadus_morhua,Actinopterygii,1,3,NA,3,NA,5,NA,2,1,NA,1,NA,1,NA,1,1,NA,2,5,NA,1,NA,1,NA,1,NA,1,NA,7,NA,independent,0.255,NA,NA,NA,NA,NA,NA,NA,NA,NA,NA,NA,NA,NA,NA,NA,NA,NA,NA,NA,NA,NA,NA,NA,NA,NA,NA,raw data taken from Table 2,NA,NA,NA,NA,NA,NA,0.255,7,0.260753317,0.25
84,87,Corr_r,0.371,Ratkin,1999,Sperm competition and fertilization success of Atlantic halibut (Hippoglossus hippoglossus L.),45,46,57,experiment 2,Gadus_morhua,Actinopterygii,1,3,NA,3,NA,5,NA,2,1,NA,1,NA,1,NA,1,1,NA,2,1,EVSC mating,1,NA,1,NA,1,NA,1,NA,7,states 12 but there is missing data,independent,0.371,NA,NA,NA,NA,NA,NA,NA,NA,NA,NA,NA,NA,NA,NA,NA,NA,NA,NA,NA,NA,NA,NA,NA,NA,NA,NA,raw data taken from Table 2,NA,NA,NA,NA,NA,NA,0.371,7,0.389582211,0.25
85,88,Corr_r,-0.387,Ratkin,1999,Sperm competition and fertilization success of Atlantic halibut (Hippoglossus hippoglossus L.),45,46,57,experiment 2,Gadus_morhua,Actinopterygii,1,3,NA,3,NA,5,NA,2,1,NA,1,NA,1,NA,1,1,NA,2,1,EDSC mating,1,NA,1,NA,1,NA,1,NA,7,states 12 but there is missing data,independent,-0.387,NA,NA,NA,NA,NA,NA,NA,NA,NA,NA,NA,NA,NA,NA,NA,NA,NA,NA,NA,NA,NA,NA,NA,NA,NA,NA,raw data taken from Table 3,NA,NA,NA,NA,NA,NA,-0.387,7,-0.408266742,0.25
86,89,effect_size_group2,0.817009521,Pattarini,2006,Mechanisms underlying the sperm quality advantage in Drosophila melanogaster,46,47,58,short sperm,Drosophila_melanogaster,Insecta,4,2,NA,2,NA,2,NA,1,1,NA,4,NA,4,NA,2,2,NA,1,1,NA,1,NA,5,sperm length and number in model,1,NA,1,NA,40,20 of long or short sperm competing against a standard male,independent,NA,NA,NA,NA,NA,NA,NA,NA,NA,NA,NA,NA,NA,0.65,20,0.134164079,0.03,NA,NA,NA,NA,NA,NA,0.85,20,0.089442719,0.02,Fig. 7,NA,0.817009521,NA,NA,NA,NA,0.817009521,40,1.147756593,0.027027027
87,90,effect_size_group2,0.583633916,Pattarini,2006,Mechanisms underlying the sperm quality advantage in Drosophila melanogaster,46,47,59,long sperm,Drosophila_melanogaster,Insecta,4,2,NA,2,NA,2,NA,1,1,NA,4,NA,4,NA,2,2,NA,1,1,NA,1,NA,5,sperm length and number in model,1,NA,1,NA,40,20 of long or short sperm competing against a standard male,independent,NA,NA,NA,NA,NA,NA,NA,NA,NA,NA,NA,NA,NA,0.77,20,0.178885438,0.04,NA,NA,NA,NA,NA,NA,0.91,20,0.04472136,0.01,Fig. 7,NA,0.583633916,NA,NA,NA,NA,0.583633916,40,0.667956274,0.027027027
88,91,effect_size_group2,0.481223689,Pattarini,2006,Mechanisms underlying the sperm quality advantage in Drosophila melanogaster,46,47,60,many sperm (half the individuals are the same as 58),Drosophila_melanogaster,Insecta,4,2,NA,2,NA,2,NA,1,1,NA,5,selected for long and short sperm,5,NA,2,2,NA,1,3,total,1,NA,5,NA,1,NA,1,NA,40,20 of long or short sperm competing against a standard male,independent,NA,NA,NA,NA,NA,NA,NA,NA,NA,NA,NA,NA,NA,0.85,20,0.089442719,0.02,NA,NA,NA,NA,NA,NA,0.91,20,0.04472136,0.01,Fig. 7,NA,0.481223689,NA,NA,NA,NA,0.481223689,40,0.524575525,0.027027027
89,92,effect_size_group2,0.436908919,Pattarini,2006,Mechanisms underlying the sperm quality advantage in Drosophila melanogaster,46,47,61,few sperm (half the individuals are the same as 59),Drosophila_melanogaster,Insecta,4,2,NA,2,NA,2,NA,1,1,NA,5,selected for long and short sperm,5,NA,2,2,NA,1,3,total,1,NA,5,NA,1,NA,1,NA,40,20 of long or short sperm competing against a standard male,independent,NA,NA,NA,NA,NA,NA,NA,NA,NA,NA,NA,NA,NA,0.65,20,0.134164079,0.03,NA,NA,NA,NA,NA,NA,0.77,20,0.178885438,0.04,Fig. 7,NA,0.436908919,NA,NA,NA,NA,0.436908919,40,0.468404055,0.027027027
90,93,Corr_r,-0.24,Gage,2003,"Experimental evidence for the evolution of numerous, tiny sperm via sperm competition",47,48,62,NA,Gryllus_bimaculatus,Insecta,4,4,a focal male was chosen at random,4,NA,4,NA,1,1,NA,5,selected for long and short sperm,5,NA,2,2,NA,1,3,total,1,NA,4,NA,1,NA,1,NA,77,NA,independent,-0.24,NA,NA,NA,NA,NA,NA,NA,NA,NA,NA,NA,NA,NA,NA,NA,NA,NA,NA,NA,NA,NA,NA,NA,NA,NA,NA,Fig. 1,NA,NA,NA,NA,NA,NA,-0.24,77,-0.244774113,0.013513514
91,94,Corr_r,0.29,Gage,2003,"Experimental evidence for the evolution of numerous, tiny sperm via sperm competition",47,48,62,NA,Gryllus_bimaculatus,Insecta,4,4,a focal male was chosen at random,4,NA,4,NA,1,1,NA,6,selected for long and short sperm but reported another trait,5,NA,2,2,NA,1,1,NA,1,NA,4,NA,1,NA,1,NA,77,NA,independent,0.29,NA,NA,NA,NA,NA,NA,NA,NA,NA,NA,NA,NA,NA,NA,NA,NA,NA,NA,NA,NA,NA,NA,NA,NA,NA,NA,Fig. 2,NA,NA,NA,NA,NA,NA,0.29,77,0.298566264,0.013513514
92,95,effect_size_t,0.37597858,Lupold,2013,Female mediation of competitive fertilization success in Drosophila melanogaster,48,49,63,NA,Drosophila_melanogaster,Insecta,4,2,NA,2,NA,2,NA,1,1,NA,1,isolines,5,NA,1,1,NA,1,1,number of sperm In female reproductive track,1,NA,1,NA,1,NA,1,NA,90,90 crosses between male and female isolines,independent,NA,NA,NA,NA,NA,NA,NA,NA,NA,NA,2.95,continuous,NA,NA,NA,NA,NA,NA,NA,NA,NA,NA,NA,NA,NA,NA,NA,in text,NA,NA,NA,0.37597858,NA,NA,0.37597858,90,0.395367879,0.011494253
93,96,Corr_r,0.41,Kekäläinen,2015,"Male investments in high quality sperm improve fertilization success, but may have negative impact on offspring fitness in whitefish",49,50,64,ornamented males,Coregonus_lavaretus,Actinopterygii,2,3,NA,3,NA,5,NA,2,1,NA,1,NA,1,NA,1,1,NA,2,4,NA,5,split into ornamented and less ornamented,5,NA,1,NA,1,NA,24,NA,independent,0.41,NA,NA,NA,NA,NA,NA,NA,NA,NA,NA,NA,NA,NA,NA,NA,NA,NA,NA,NA,NA,NA,NA,NA,NA,NA,NA,Fig. 2 (black dots),NA,NA,NA,NA,NA,NA,0.41,24,0.435611223,0.047619048
94,97,Corr_r,0.004,Kekäläinen,2015,"Male investments in high quality sperm improve fertilization success, but may have negative impact on offspring fitness in whitefish",49,50,65,less ornamented,Coregonus_lavaretus,Actinopterygii,2,3,NA,3,NA,5,NA,2,1,NA,1,NA,1,NA,1,1,NA,2,4,NA,5,split into ornamented and less ornamented,5,NA,1,NA,1,NA,24,NA,independent,0.004,NA,NA,NA,NA,NA,NA,NA,NA,NA,NA,NA,NA,NA,NA,NA,NA,NA,NA,NA,NA,NA,NA,NA,NA,NA,NA,Fig. 2 (open dots),NA,NA,NA,NA,NA,NA,0.004,24,0.004000021,0.047619048
95,98,Corr_r,0.31,Alonzo,2016,Ovarian fluid allows directional cryptic female choice despite external fertilization,50,51,66,grouped across ovarian fluid treatments,Symphodus_ocellatus,Actinopterygii,2,3,NA,3,NA,5,NA,2,1,NA,1,NA,1,NA,1,1,NA,2,1,NA,1,NA,1,NA,1,NA,1,NA,26,NA,independent,0.31,NA,NA,NA,NA,NA,NA,NA,NA,NA,NA,NA,NA,NA,NA,NA,NA,NA,NA,NA,NA,NA,NA,NA,NA,NA,NA,Fig. 1,NA,NA,NA,NA,NA,NA,0.31,26,0.320545409,0.043478261
96,99,effect_size_t,0.603231228,Alonzo,2016,Ovarian fluid allows directional cryptic female choice despite external fertilization,50,51,66,grouped across ovarian fluid treatments,Symphodus_ocellatus,Actinopterygii,2,3,NA,3,NA,5,NA,2,1,NA,1,NA,1,NA,1,1,NA,2,4,NA,1,NA,1,NA,1,NA,1,NA,26,NA,independent,NA,NA,NA,NA,NA,NA,NA,NA,NA,NA,2.69,continuous,NA,NA,NA,NA,NA,NA,NA,NA,NA,NA,NA,NA,NA,NA,NA,Table 1,NA,NA,NA,0.603231228,NA,NA,0.603231228,26,0.698211359,0.043478261
97,102,Corr_r,0.75,Stockley,2020,Revealing mechanisms of mating plug function under sexual selection,52,53,68,NA,Myodes_glareolus,Mammalia,4,2,NA,4,NA,5,NA,1,2,NA,4,NA,5,NA,2,1,NA,1,1,NA,1,NA,1,NA,1,NA,1,NA,9,based on Fig S5,independent,0.75,NA,NA,NA,NA,NA,NA,NA,NA,NA,NA,NA,NA,NA,NA,NA,NA,NA,NA,NA,NA,NA,NA,NA,NA,NA,NA,Fig. S5,NA,NA,NA,NA,NA,NA,0.75,9,0.972955075,0.166666667
98,103,Corr_r,0.78,Bartlett,2017,Sperm competition risk drives rapid ejaculate adjustments mediated by seminal fluid,53,54,69,NA,Oncorhynchus_tshawytscha,Actinopterygii,3,3,NA,3,NA,5,NA,2,1,NA,6,velocity based on mixing with other males seminal fluid,5,NA,2,1,NA,2,4,NA,1,NA,1,NA,1,NA,1,NA,20,NA,independent,0.78,NA,NA,NA,NA,NA,NA,NA,NA,NA,NA,NA,NA,NA,NA,NA,NA,NA,NA,NA,NA,NA,NA,NA,NA,NA,NA,Fig. 7,NA,NA,NA,NA,NA,NA,0.78,20,1.045370548,0.058823529
99,104,Corr_r,0.39,Garcia-Gonzalez,2005,Sperm viability matters in insect sperm competition,54,55,70,NA,Teleogryllus_oceanicus,Insecta,4,2,NA,1,NA,3,based on Fig 1,1,1,NA,1,NA,5,NA,1,2,NA,1,5,NA,1,NA,1,NA,1,NA,1,NA,43,NA,independent,0.39,NA,NA,NA,NA,NA,NA,NA,NA,NA,NA,NA,NA,NA,NA,NA,NA,NA,NA,NA,NA,NA,NA,NA,NA,NA,NA,Fig. 1,NA,NA,NA,NA,NA,NA,0.39,43,0.411800034,0.025
100,105,Corr_r,0.57,Linhardt,2005,Spermatozoal competition in common carp (Cyprinus carpio): What is the primary determinant of competition success?,55,56,71,NA,Cyprinus_carpio,Actinopterygii,6,3,NA,3,NA,5,NA,2,1,NA,1,NA,1,NA,1,1,NA,2,5,percent motile,1,NA,1,NA,1,NA,1,NA,11,NA,independent,0.57,NA,NA,NA,NA,NA,NA,NA,NA,NA,NA,NA,NA,NA,NA,NA,NA,NA,NA,NA,NA,NA,NA,NA,NA,NA,NA,Fig. 1,NA,NA,NA,NA,NA,NA,0.57,11,0.647522845,0.125
101,106,effect_size_p,-0.729686505,Gage,2004,Spermatozoal Traits and Sperm Competition in Atlantic Salmon: Relative Sperm Velocity Is the Primary Determinant of Fertilization Success,56,57,72,NA,Salmo_salar,Actinopterygii,2,3,NA,3,NA,5,NA,2,1,NA,4,manipulated relative sperm number,4,NA,2,1,NA,2,1,NA,1,NA,4,NA,1,NA,1,NA,9,NA,independent,NA,0.02,NA,NA,NA,NA,NA,NA,NA,NA,NA,NA,0.95,NA,NA,NA,NA,NA,NA,NA,NA,NA,NA,NA,NA,NA,NA,in text,NA,NA,NA,NA,NA,-0.729686505,-0.729686505,9,-0.928056541,0.166666667
102,107,effect_size_p,0.325326826,Gage,2004,Spermatozoal Traits and Sperm Competition in Atlantic Salmon: Relative Sperm Velocity Is the Primary Determinant of Fertilization Success,56,57,72,NA,Salmo_salar,Actinopterygii,2,3,NA,3,NA,5,NA,2,1,NA,1,NA,1,NA,1,1,NA,2,3,total,1,NA,4,NA,1,NA,1,NA,9,NA,independent,NA,0.11,NA,NA,NA,NA,NA,NA,NA,NA,NA,NA,0.25,NA,NA,NA,NA,NA,NA,NA,NA,NA,NA,NA,NA,NA,NA,in text,NA,NA,NA,NA,NA,0.325326826,0.325326826,9,0.337592991,0.166666667
103,109,effect_size_p,0.149410772,Gage,2004,Spermatozoal Traits and Sperm Competition in Atlantic Salmon: Relative Sperm Velocity Is the Primary Determinant of Fertilization Success,56,58,72,NA,Salmo_salar,Actinopterygii,2,3,NA,3,NA,5,NA,2,1,NA,4,manipulated relative sperm number,4,NA,2,1,NA,2,1,NA,1,NA,4,NA,1,NA,1,NA,9,NA,independent,NA,0.2,NA,NA,NA,NA,NA,NA,NA,NA,NA,NA,0.38,NA,NA,NA,NA,NA,NA,NA,NA,NA,NA,NA,NA,NA,NA,in text,NA,NA,NA,NA,NA,0.149410772,0.149410772,9,0.150537699,0.166666667
104,110,effect_size_p,0.296480715,Gage,2004,Spermatozoal Traits and Sperm Competition in Atlantic Salmon: Relative Sperm Velocity Is the Primary Determinant of Fertilization Success,56,58,72,NA,Salmo_salar,Actinopterygii,2,3,NA,3,NA,5,NA,2,1,NA,1,NA,1,NA,1,1,NA,2,3,total,1,NA,4,NA,1,NA,1,NA,9,NA,independent,NA,0.13,NA,NA,NA,NA,NA,NA,NA,NA,NA,NA,0.27,NA,NA,NA,NA,NA,NA,NA,NA,NA,NA,NA,NA,NA,NA,in text,NA,NA,NA,NA,NA,0.296480715,0.296480715,9,0.30565672,0.166666667
